TaskId,Phase,Category,Title,EstimateHours,DependsOn,Status,Assignee,Description,Notes
T001,0,Decision,Architecture Decision Workshop - Track B (OI-35 B1-B8),6,,Resolved,Jacques,"Blue Ridge-owned. Resolve partitioning (B2), columnstore (B3), LotGenealogy closure table (B4), materialized TotalInProcess/InventoryAvailable (B5), IdentifierSequence locking (B6), OperationLog split (B7), filtered indexes (B8). Items 2/4/5/7 MUST be in the Phase-1 CREATE migration. Assumed defaults accepted per this validation",
T002,0,Decision,Customer Validation Gate - Track A (A1-A9),6,,Resolved,Jacques,"GATE CLEARED FOR BUILD 2026-06-08: proceed on assumed-defaults, MPP confirms in parallel (only S-08 blocks). A4 ShotCount=cumulative locked. MPP-owned workshop agenda in 2026-06-08_Phase0_Decision_Log.md. A1 OI-31 identifier cutover; A2 WorkOrder BIT-flags; A3 historical migration; A4 ShotCount semantics; A5 DefaultScreen+ConfirmationMethod seeding; A6 AIM Hold/Update contract; A7 label template scope; A8 OI-32 material allocation; A9 OI-33 AIM empty-pool hard-fail,
T003,0,Decision,Finalize per-table retention classes (B1) with MPP IT,3,T001,Resolved,Jacques,"BR PROPOSAL LOCKED 2026-06-08 (see decision log): 20yr=Lot/Genealogy/LotEventLog/StatusHistory/Movement/ContainerSerial/ShippingLabel/Consumption/Reject/QualitySample/QualityResult; 7yr=OperationLog/Failure/Interface/Config/Downtime/ProductionEvent+Value/QualityAttachment. MPP IT confirms; drives FDS-11. Negotiate 20yr vs 7yr per table. Honda traceability (Lots.* events, ContainerSerial, ShippingLabel, LotGenealogy) stays 20yr; push back on OperationLog/FailureLog/InterfaceLog/DowntimeEvent/ConfigLog. Drives FDS-11 retention amendment",
T004,0,Decision,Confirm WorkOrder BIT-flag enumeration (A2 / FDS-06-030),2,T002,Resolved,Jacques,"Which Flexware flags are live (IsCameraProcessingEnabled, IsScaleProcessingEnabled, GroupTargetWeight+tol+UOM, RecipeNumber, TrayQuantity, ReturnableDunnageCode, Customer). Dead flags do not ship in Phase-1 WorkOrder CREATE",
T005,0,Decision,Confirm Workstation DefaultScreen + ConfirmationMethod seeding (A5),2,T002,Resolved,Jacques,Per-Cell terminal-function Perspective views + per-Cell ConfirmationMethod (Vision/Barcode/Both). Phase-1 seed data for B11 routing + FDS-10-013,
T006,0,Decision,Confirm label template scope (A7/S-09) + AIM Hold/Update contract (A6),2,T002,Resolved,Jacques,Flexware 3 templates (CONTAINER/LOT/CONTAINER_HOLD) + any new (Sort Cage/Hold/Void). AIM PlaceOnHold/ReleaseFromHold/UpdateAim signatures + error recovery,
T007,0,Decision,Lock identifier-sequence cutover + format/reset/rollover policy (A1/OI-31/S-10),2,T002,InProgress,Jacques/Ben,"Format/mechanism LOCKED 2026-06-08: keep MESL/MESI, row-locked seq, seed ~3M, 9999999 rollover. OWED from Ben: exact seeds + rollout shape (cutover-gate not build-gate). Final cutover seed values + keep MESL/MESI vs mint new + reset + 9,999,999 rollover policy + Ben rollout-shape (single-line vs full-cutover vs shadow). Wrong seed = LTT collisions at cutover",
T008,0,Decision,Resolve UJ-03 sublot even-split default + UJ-05 serial migration direction,2,T002,Resolved,Jacques,"DECIDED 2026-06-08: UJ-03 NO auto-split default (operator enters all qtys; DROPS prior 50/50 even-split assumption - FDS reconcile at T009); UJ-05 update-in-place + ContainerSerialHistory (B10), awaits MPP Quality+Honda. Orig:UJ-03: auto-prompt 50/50 even split default (confirm all parts split or only some). UJ-05: update-in-place + ContainerSerialHistory default; awaits MPP Quality + Honda affirmation,
T009,0,Documentation,Phase 0 sign-off - decision log + Data Model + FDS amendments,4,"T001,T002,T003,T004,T005,T006,T007,T008",InProgress,Jacques,"STAGED 2026-06-08: insert-ready amendment Blocks 1-5 in 2026-06-08_Phase0_Decision_Log.md (DM Scaling Decisions, FDS-11 retention, B10, OIR OI-35 closure+UJ-03/05, C-4/C-5 partition pin). Apply to canonical docs (which have uncommitted parallel edits) to finalize; then Phase 0 signed off + T010 unblocked.Phase-0 GATE. Decision log appended to OIR with signed-off dates; Data Model bump adds sec Scaling Decisions (drives Phase-1 migration content); FDS-11 retention paragraph drafted; B10 serial-migration convention finalized. Unblocks all Phase 1,
T010,1,Migration,Write migration 0020 CREATE core Workorder event tables,5,T009,NotStarted,,"0020_arc2_phase1_shop_floor_foundation.sql. CREATE Workorder.WorkOrder, WorkOrderOperation, ProductionEvent, ProductionEventValue, ConsumptionEvent, RejectEvent. BIGINT IDENTITY PKs, FK to Lots/Parts/Oee.Shift. XDEP: Phase 0 complete; OI-35 architecture gate resolved",
T011,1,Migration,Write migration 0020 CREATE Lots.Lot with Tool/Cavity columns,4,T010,NotStarted,,"CRITICAL B-2: Lots.Lot does NOT exist (Arc 1 only built Lots code tables). CREATE Lots.Lot incl ToolId + ToolCavityId FK columns built in, plus materialized TotalInProcess/InventoryAvailable columns (B5) + CrtActive BIT NOT NULL DEFAULT 0 (FDS-10-012 Controlled Run Tag hook; CRT workflow in Phase 9).",
T012,1,Migration,Write migration 0020 CREATE Lots history tables (LotStatusHistory + LotMovement),3,T011,NotStarted,,CREATE Lots.LotStatusHistory and Lots.LotMovement append-only event tables. Phase-1 Lot_UpdateStatus/Lot_MoveTo procs write to them,
T013,1,Migration,Write migration 0020 CREATE Lots.IdentifierSequence table,2,T010,NotStarted,,"CREATE Lots.IdentifierSequence (sequence-name keyed, current value, format template). Row-locked _Next proc reads/updates it (B6)",
T014,1,Migration,Write migration 0020 CREATE Lots.LotGenealogyClosure closure table,3,T011,NotStarted,,B4 closure table: AncestorLotId/DescendantLotId/Depth. Adjacency-list genealogy materialized as closure for fast subtree queries,
T015,1,Migration,Write migration 0020 CREATE split Lots.LotEventLog table,2,T011,NotStarted,,B7: dedicated high-volume Lots.LotEventLog split out of Audit.ConfigLog; Audit_LogOperation routes lot-scoped events here,
T016,1,Migration,Write migration 0020 partition functions + schemes on high-volume event tables,5,"T010,T015",NotStarted,,"OI-35 B2: partition functions+schemes (date/range sliding window) on ProductionEvent, ProductionEventValue, ConsumptionEvent, RejectEvent, LotEventLog. PartitionMaintenance script maintains windows",
T017,1,Migration,Write migration 0020 filtered indexes on event + lot tables,3,"T011,T012,T016",NotStarted,,OI-35 B8 filtered indexes (active/non-deprecated/in-process predicates). Includes IpAddress attribute index for Terminal_GetByIpAddress lookup,
T018,1,Migration,Write migration 0020 CREATE Parts.v_EffectiveItemLocation view,2,T010,NotStarted,,CREATE VIEW resolving effective item-at-location (item master x location attribute overrides). Read by Cell Context Selector + frontend,
T019,1,Seed,Seed Terminal + Cell LocationAttributeDefinition rows,2,,NotStarted,,"Terminal-tier: DefaultScreen, RequiresCompletionConfirm. Cell-tier: ConfirmationMethod, CoupledDownstreamCellLocationId. Also IpAddress attribute. XDEP: needs LocationTypeDefinition Terminal/Cell tiers from Arc 1",
T020,1,Seed,Seed IdentifierSequence + fallback Terminal Location rows,2,"T013,T019",NotStarted,,"IdentifierSequence seed: Lot MESL{0:D7}, SerializedItem MESI{0:D7} from S-10 cutover values. Plus fallback Terminal Location row for unresolved-IP sessions. ASCII-only; byte-scan before apply",
T021,1,StoredProc,Write Terminal_GetByIpAddress + Terminal_List procs,3,"T017,T019",NotStarted,,"Location.Terminal_GetByIpAddress (IpAddress attr index lookup, returns terminal + DefaultScreen + coupled cell), Location.Terminal_List. Read procs, no OUTPUT params, empty set = not found",
T022,1,StoredProc,Write AppUser initials/AD auth + roles procs,4,,NotStarted,,"Location.AppUser_GetByInitials, AppUser_AuthenticateAd, AppUser_GetRoles. Initials attribution + per-action AD elevation. XDEP: AppUser table from Arc 1",
T023,1,StoredProc,Write Oee Shift lifecycle procs,4,T010,NotStarted,,"Oee.Shift_Start, Shift_End, Shift_GetActive, Shift_GetOpen. Start/End are mutation procs (status-row pattern); GetActive/GetOpen read procs",
T024,1,StoredProc,Write Lots.IdentifierSequence_Next row-locked proc,2,"T013,T020",NotStarted,,"B6: row-locked (UPDLOCK/ROWLOCK) sequence increment, formats via template (MESL{0:D7}). Returns next identifier string. Called inside Lot_Create txn",
T025,1,StoredProc,Write Lots.Lot_Create proc with genealogy + closure,4,"T011,T014,T015,T024",NotStarted,,"Complex txn: insert Lot, call IdentifierSequence_Next, populate LotGenealogyClosure (B4) from parent lots, write LotEventLog via Audit_LogOperation, init materialized totals (B5). Mutation pattern",
T026,1,StoredProc,Write Lots.Lot_Get + Lot_List read procs,2,"T011,T018",NotStarted,,"Lots.Lot_Get (single, w/ resolved Tool/Cavity/Location names), Lot_List (filtered). Read procs, no OUTPUT params",
T027,1,StoredProc,Write Lots.Lot_UpdateStatus + Lot_MoveTo procs,4,"T012,T025",NotStarted,,Lot_UpdateStatus writes LotStatusHistory; Lot_MoveTo writes LotMovement + updates materialized totals (B5). Both call Audit_LogOperation. Mutation pattern,
T028,1,StoredProc,Write Lots.Lot_AssertNotBlocked guard proc,2,T011,NotStarted,,B2 guard: raises three-tier error if lot is on AIM/quality hold (BlocksProduction). Called by mutation procs before state transitions,
T029,1,StoredProc,Write Audit.Audit_LogOperation with LotEventLog routing,3,"T015,T012",NotStarted,,"B7: routes lot-scoped operation events to Lots.LotEventLog, others to Audit.ConfigLog. Emits no result set (runs inside mutation txns). Description convention SUBJECT MidDot CATEGORY MidDot ACTION",
T030,1,NamedQuery,Create Named Queries wrapping all Phase-1 procs,4,"T021,T022,T023,T024,T025,T026,T027,T028",NotStarted,,"One NQ folder+resource.json per proc. Mutation procs (Shift_Start/End, Lot_Create/UpdateStatus/MoveTo, IdentifierSequence_Next) need attributes.type=Query (status-row pattern); reads default. Run scan.ps1",
T031,1,GatewayScript,Write Terminal_ResolveFromSession gateway script,4,T021,NotStarted,,Resolves terminal identity from Perspective session (client IP) via Terminal_GetByIpAddress; falls back to fallback Terminal row. Sets session.custom terminal context (B11),
T032,1,GatewayScript,Write PresenceIdleWatcher Perspective-side script,5,T031,NotStarted,,Tracks last-interaction timestamp; drives 30-min idle re-confirm modal. Perspective session script. Pairs with Idle Re-Confirm Modal view,
T033,1,GatewayScript,Write ShiftBoundaryTicker 60s timer script,5,T023,NotStarted,,"Gateway timer (60s); detects shift boundary crossings, calls Shift_End/Shift_Start. XDEP: shift schedule seed (Arc 1)",
T034,1,GatewayScript,Write PartitionMaintenance 24h timer script,6,T016,NotStarted,,B2 sliding-window: 24h gateway timer; splits/merges/switches partitions on event tables to maintain retention window. OI-35 retention strategy,
T035,1,Frontend,Build Initials Entry view,4,T030,NotStarted,,Top-level Perspective view; numeric/initials keypad -> AppUser_GetByInitials. Operator attribution entry,
T036,1,Frontend,Build Terminal Selector view,4,"T030,T031",NotStarted,,Top-level view; lists terminals (Terminal_List) for manual override when IP resolve fails/ambiguous,
T037,1,Frontend,Build Cell Context Selector shared component,4,"T030,T018",NotStarted,,"Reusable embedded component; cascading cell/coupled-downstream selection, reads v_EffectiveItemLocation. Shared across plant-floor screens (B12)",
T038,1,Frontend,Build Home Router view,6,"T031,T035,T036,T037",NotStarted,,"Top-level entry router; resolves terminal -> DefaultScreen, gates on initials entry, routes to cell context (B11). Central plant-floor landing",
T039,1,Frontend,Build 30-Min Idle Re-Confirm Modal,3,T032,NotStarted,,Embedded modal; fires on PresenceIdleWatcher idle threshold; re-confirm initials to continue session,
T040,1,Frontend,Build Per-Mutation Initials Field component,4,T030,NotStarted,,Reusable embedded component; inline initials capture per protected mutation; validates via AppUser_GetByInitials. Page-scoped message to parent (B12),
T041,1,Frontend,Build Elevation Modal (per-action AD) component,5,T030,NotStarted,,Reusable embedded modal; AD username/password elevation for protected actions -> AppUser_AuthenticateAd + AppUser_GetRoles. Per-action elevation (FDS-04-007),
T042,1,Testing,Write Phase-1 suite test: terminal resolve,2,"T021,T031",NotStarted,,Foundation suite (renumbered). Terminal_GetByIpAddress + Terminal_List + fallback. INSERT-EXEC temp-table assert pattern,
T043,1,Testing,Write Phase-1 suite test: appuser/initials + AD auth,3,T022,NotStarted,,"AppUser_GetByInitials, AppUser_AuthenticateAd, AppUser_GetRoles assertions",
T044,1,Testing,Write Phase-1 suite test: shift lifecycle,3,T023,NotStarted,,Shift_Start/End/GetActive/GetOpen; boundary + double-open guard assertions,
T045,1,Testing,Write Phase-1 suite test: identifier sequence,2,T024,NotStarted,,IdentifierSequence_Next row-lock increment + format template; concurrency/no-gap assertions,
T046,1,Testing,Write Phase-1 suite test: lot create/move/status,4,"T025,T026,T027,T028",NotStarted,,Lot_Create/Get/List/UpdateStatus/MoveTo/AssertNotBlocked; history-table writes + materialized totals (B5) assertions,
T047,1,Testing,Write Phase-1 suite test: genealogy closure table,3,"T014,T025",NotStarted,,B4 LotGenealogyClosure ancestor/descendant/depth population on multi-parent lot create assertions,
T048,1,Testing,Write Phase-1 suite test: audit operation log + LotEventLog routing,3,"T029,T025,T027",NotStarted,,"Audit_LogOperation B7 routing (lot events -> LotEventLog, others -> ConfigLog); Description convention + JSON resolved-name FK assertions. Phase-1 gate. Suite target ~80-105 assertions",
T049,2,Migration,CREATE Lots.LotGenealogy + LotAttributeChange + LotLabel tables (0020),4,T048,NotStarted,,"B-2: these do NOT exist; Arc 1 made only Lots code tables, Phase 1 made Lot+StatusHistory+Movement. File 0021_arc2_phase2_lot_lifecycle.sql. LotGenealogy(ParentLotId,ChildLotId,RelationshipTypeId,PieceCount); LotAttributeChange(LotId,AttributeName,OldValue,NewValue,ChangedByUserId,TerminalLocationId,ChangedAt); LotLabel append-only. XDEP: Phase 1",
T050,2,Migration,CREATE Lots.PauseEvent table (FDS-05-038) with constraints + filtered indexes,3,T049,NotStarted,,"Same migration 0021. Append-only place+close lifecycle. CK_PauseEvent_ResumePaired; filtered UQ (LotId,LocationId) WHERE ResumedAt IS NULL; IX_PauseEvent_OpenByLocation",
T051,2,Migration,CREATE VIEW Lots.v_LotDerivedQuantities + genealogy indexes + LogEntityType row,2,T049,NotStarted,,"v_LotDerivedQuantities(LotId,TotalInProcess,InventoryAvailable) diagnostic fallback under OI-35 B5 materialized-columns default. Genealogy indexes only if not partition-covered by Phase 1. +Audit.LogEntityType PauseEvent row",
T052,2,Seed,Verify GenealogyRelationshipType/PrintReasonCode/LabelTypeCode code tables present,1,T049,NotStarted,,"Confirm Arc-1 code-table seeds exist; add any missing. S-08 Tools.DieRankCompatibility owed (TRUE BLOCKER w/ supervisor-override per FDS-04-007); empty seed OK for build, merge tests need rows",
T053,2,StoredProc,Lots.Lot_Update + Lot_UpdateAttribute (per-field LotAttributeChange + optimistic lock),3,T049,NotStarted,,XDEP: Phase 1 (Lot_AssertNotBlocked B2). Lot_Update writes LotAttributeChange; B5 InventoryAvailable recalc. Lot_UpdateAttribute used by Lot_Split to reduce parent piece count,
T054,2,StoredProc,Lots.Lot_Split (N-way split + genealogy + closure rows),4,"T049,T053",NotStarted,,"XDEP: Phase 1 (Lot_Create/UpdateStatus, B2). SPLIT LotGenealogy + LotGenealogyClosure (B4), reduce parent, close if residual=0. Multi-row output. Consumed by Phase 5 + 7",
T055,2,StoredProc,Lots.Lot_Merge (FDS-05-025..030 rules + die-rank gate + override),4,"T049,T052",NotStarted,,"XDEP: Phase 1. Consumes S-08 DieRankCompatibility (TRUE BLOCKER); cross-die merges reject until populated, supervisor AD override per FDS-04-007. Same Item, all Good, post-sort, no HoldxGood. Output NULL Tool/Cavity",
T056,2,StoredProc,Lots.LotGenealogy_RecordConsumption (consumption genealogy + closure),2,T049,NotStarted,,XDEP: consumed by Phase 5 Machining IN + Phase 6 Assembly. Closure rows per B4. Output status-row,
T057,2,StoredProc,Genealogy reads (GetGenealogyTree + GetParents + GetChildren + GetAttributeHistory),3,T049,NotStarted,,XDEP: OI-35 B4 (closure-table vs recursive CTE MAXRECURSION 100). B8 depth bound 100 = business-rule violation. GetAttributeHistory unions LotAttributeChange+StatusHistory+Movement,
T058,2,StoredProc,Lots.LotLabel_Print + LotLabel_Reprint,2,T049,NotStarted,,Append-only. Print returns ZplContent; Reprint forces PrintReasonCode. Gateway ZPL dispatch is later-phase (B6/B17); no new gateway script in Phase 2,
T059,2,StoredProc,LOT pause lifecycle procs (Place/Resume/GetByLocation/GetCountsByLocation),3,T050,NotStarted,,Place enforces open-event invariant B3 (filtered UNIQUE) + Lot_AssertNotBlocked; Resume rejects already-resumed; resumer MAY differ from pauser. No TTL/auto-resume,
T060,2,NamedQuery,Named Queries wrapping all Phase-2 procs,3,"T053,T054,T055,T056,T057,T058,T059",NotStarted,,Mutation procs (status-row SELECT) MUST set attributes.type=Query (UpdateQuery throws). Run scan.ps1 after,
T061,2,Frontend,LOT Detail top-level view (@LotId naturally-parametric B12),10,T060,NotStarted,,"XDEP: Phase 1 (Lot_Get). One LOT Detail across whole plant, no per-station variants. Flex Repeater for history/genealogy cards. Pre-declare bound custom props; atomic state writes; ConfirmUnsaved on dirty edits",
T062,2,Frontend,LOT Search top-level view (filter-driven),6,T060,NotStarted,,XDEP: Phase 1 (Lot_List). Explicit Apply/Reset; TOP-cap + TotalCount window. ia.display.table onSelectionChange row-click -> LOT Detail,
T063,2,Frontend,Genealogy Viewer top-level view (@LotId),8,T060,NotStarted,,Flex Repeater ancestor/descendant cards (B12). Verify mpp/ icon paths against mpp.svg before use,
T064,2,Frontend,Paused-LOT Indicator component + tap-through detail list,5,T060,NotStarted,,Badge count from GetCountsByLocation; list from GetByLocation. Reused on every workstation view (B12). Page-scoped messages embed->parent. Resume via LotPause_Resume,
T065,2,Testing,Test 010 Lot_Update (field audit + row-version + blocked + B5 recalc),3,T053,NotStarted,,Suite renumbered 0020. INSERT-EXEC temp-table assert; dynamic location lookups (no seed-coupled hardcodes),
T066,2,Testing,Test 020 Lot_Split (N-way + sum-exceeds reject + closure rows + parent close),3,T054,NotStarted,,Assert LotGenealogy + LotGenealogyClosure rows; parent residual=0 -> Closed,
T067,2,Testing,Test 030 Lot_Merge (same/cross-die compat + override + NULL Tool/Cavity),4,T055,NotStarted,,Seeds DieRankCompatibility rows locally for compat cases (S-08 escape). Covers FDS-04-007 override branch,
T068,2,Testing,Test 040 LotGenealogy_RecordConsumption (+ multi-source),2,T056,NotStarted,,,
T069,2,Testing,Test 050 Lot_GetGenealogyTree (Ancestors/Descendants/Both + depth bound + closure-vs-CTE),3,T057,NotStarted,,XDEP: OI-35 B4 equivalence test only when closure elected,
T070,2,Testing,Test 060 LotPause lifecycle (place/resume + double-place reject + open-event invariant),3,T059,NotStarted,,"Assert ResumedAt IS NULL after Place, IS NOT NULL after Resume (B9)",
T071,2,Testing,Test 065 LotPause indicator (counts + ordered list),2,T059,NotStarted,,,
T072,2,Testing,Test 070 Label print/reprint (initial + reason + ZPL render),2,T058,NotStarted,,Phase-2 gate. Suite 0020 target 90-120 assertions,
T073,3,Migration,Create 0022_arc2_phase3_die_cast.sql migration shell (no new tables),1,T072,NotStarted,,"XDEP: Phase 1, Phase 2. CORRECTED number 0021 not 0016. SchemaVersion row + idempotent guards; section markers for seeds below",
T074,3,Seed,Seed Parts.OperationTemplate DieCastShot (Draft->Published),2,T073,NotStarted,,Versioned entity; three-state. ASCII-only Name/Description,
T075,3,Seed,Seed DieCastShot data-collection fields (DieInfo/CavityInfo/Weight/Good/Bad/ShotCount),2,T074,NotStarted,,OperationTemplate field/value-definition child rows; code-table backed types; ordering via up/down rank not drag,
T076,3,Seed,Seed Audit.LogEventType rows DieCastCheckpointRecorded + RejectEventRecorded,1,T073,NotStarted,,ASCII-only; idempotent MERGE/IF NOT EXISTS,
T077,3,StoredProc,Workorder.ProductionEvent_Record (checkpoint shape + cumulative counters + value rows),4,T075,NotStarted,,"LAG-delta cumulative counters; warm-up shots -> DowntimeEvent Setup; materialize TotalInProcess/InventoryAvailable per OI-35 B5; ScrapSource discriminator FDS-06-023a; emits DieCastCheckpointRecorded; @Status/@Message/@NewId locals, no OUTPUT",
T078,3,StoredProc,Workorder.RejectEvent_Record (per defect code S-03),3,T076,NotStarted,,Transactional; writes reject rows + RejectEventRecorded audit; updates ScrapCount/materialized inventory; status-row pattern,
T079,3,StoredProc,Tools.ToolAssignment_ListActiveByCell (active mounted tool lookup),1,T073,NotStarted,,Read proc; empty result = none; no OUTPUT,
T080,3,StoredProc,Tools.ToolCavity_ListActiveByTool (active cavities for mounted tool),1,T079,NotStarted,,Read proc; feeds cavity/item selection in LOT entry view,
T081,3,NamedQuery,Wrap Phase-3 procs as Named Queries,2,"T077,T078,T079,T080",NotStarted,,Mutation procs (Record) need attributes.type=Query; List procs default. Run scan.ps1,
T082,3,GatewayScript,"DieCastCycleReader gateway script (per-press PLC CycleComplete edge, OPTIONAL)",6,T081,NotStarted,,Edge-detect CycleComplete OPC tag per press via TOPServer; dispatch ProductionEvent_Record checkpoint; async; log to Audit.InterfaceLog; feature-flagged,
T083,3,Frontend,Die Cast LOT Entry view (purpose-built top-level),10,T081,NotStarted,,Scan LTT -> auto-populate mounted Tool -> cavity/item select -> eligibility+max-lot-size validate -> write ProductionEvent. No Initial LTT print at Die Cast. Routes to Phase 2 LOT Detail. Pre-declare bound custom props,
T084,3,Frontend,Reject Entry embedded component (per-defect-code capture),4,T083,NotStarted,,Embed; page-scoped message to parent for reject submit; defect code picker from seeded codes; input-only params,
T085,3,Frontend,Checkpoint summary embedded component (cumulative counters readback),3,T083,NotStarted,,Embed reads materialized totals; StateBadge-style guards for unselected state,
T086,3,Testing,Phase-3 test suite (checkpoint/LAG-delta + reject + tool/cavity + eligibility/max-lot),4,"T077,T078,T079,T080",NotStarted,,"Phase-3 gate. ~50-70 assertions. INSERT-EXEC temp tables; assert cumulative deltas, warm-up->Setup downtime, ScrapSource discriminator, eligibility+max-lot rejection",
T087,4,Migration,Migration 0023_arc2_phase4_movement_trim_receiving.sql (OperationTemplate + LogEventType seeds),2,"T048,T086",NotStarted,,"XDEP: Phase 1, Phase 3. No new tables, NO RequiresSubLotSplit ALTER (relocated to Phase 5/0023). Seeds OperationTemplate {TrimIn,TrimOut,ReceivingScan} + LogEventType {LotMoved,TrimCheckpointRecorded,TrimOutRecorded,ReceivingScanRecorded}",
T088,4,StoredProc,Parts.ItemLocation_CheckEligibility (fronts every scan-in),2,T087,NotStarted,,"Reads v_EffectiveItemLocation (direct  U  BOM-derived). Returns eligible/ineligible + reason. Read-only check, no audit write",
T089,4,StoredProc,Parts.Item_GetMaxParts read proc,1,T087,NotStarted,,Returns MaxParts per item for capacity validation on scan-in,
T090,4,StoredProc,Lots.Lot_GetCellLineQuantity (LinesideLimit cap read),1,T087,NotStarted,,Returns current cell/line on-hand qty for LinesideLimit cap enforcement,
T091,4,StoredProc,Lots.Lot_GetWipQueueByLocation read proc,1,T087,NotStarted,,FIFO WIP queue read for a location (Trim Station IN pick list),
T092,4,StoredProc,Workorder.TrimOut_Record (ProductionEvent + whole-LOT 1:1 LotMovement),3,T087,NotStarted,,"Whole-LOT 1:1 LotMovement to destination Machining line at Area resolution, NO split. Audit TrimOutRecorded. Status-row pattern",
T093,4,NamedQuery,Named Queries wrapping all Phase-4 procs,2,"T088,T089,T090,T091,T092",NotStarted,,Mutation procs (TrimOut_Record) get attributes.type=Query. Read NQs default. Run scan.ps1,
T094,4,GatewayScript,LttZplDispatcher gateway message handler,5,T087,NotStarted,,Message handler: renders LTT ZPL -> Zebra socket per B6. ASCII-only ZPL. Logs dispatch to Audit.InterfaceLog,
T095,4,Frontend,Movement Scan embedded component (cross-cutting reusable),5,T093,NotStarted,,Reused by Trim/Receiving + later phases. Calls ItemLocation_CheckEligibility before accept; enforces MaxParts + LinesideLimit. Input-only itemId param; page-scoped replies,
T096,4,Frontend,Trim Station IN top-level view (FIFO pick / scan),8,"T093,T095",NotStarted,,FIFO pick from Lot_GetWipQueueByLocation or scan; LotMovement to Trim Shop Area. Embeds Movement Scan. Routes to Phase 2 LOT Detail,
T097,4,Frontend,Trim Station OUT top-level view (whole-LOT move + weight estimate),9,"T093,T095",NotStarted,,TrimOut_Record; weight-based piece-count estimation (FDS-06-005) accept/keep -> LotAttributeChange non-blocking. Embeds Movement Scan,
T098,4,Frontend,Receiving Dock top-level view (pass-through scan),6,"T093,T095",NotStarted,,Pass-through scan; LotMovement + ReceivingScanRecorded. Embeds Movement Scan,
T099,4,Testing,Phase-4 proc test suite,4,"T088,T089,T090,T091,T092",NotStarted,,"Phase-4 gate. ~55-75 assertions: eligibility (direct  U  BOM), max-parts + lineside caps, trim-out whole-move 1:1, wip queue, movement. Split tests NOT here (Phase 5)",
T100,5,Migration,0024_arc2_phase5_machining.sql - ALTER OperationTemplate ADD RequiresSubLotSplit,2,T099,NotStarted,,"CORRECTED number 0023 (NOT 0018 - 0018 is shipped Arc-1 tooltype). Column relocated here from Phase 4. XDEP: Phase 1, Phase 2, Phase 3, Phase 4",
T101,5,Seed,Seed OperationTemplate MachiningIn + MachiningOut,1,T100,NotStarted,,Doc-fix note (NOT a build task): DM still describes RequiresSubLotSplit under Trim OUT - relocate in data model at next bump,
T102,5,Seed,Seed Audit.LogEventType (MachiningInPicked/OutCompleted/OutAutoMoved/OutSubLotSplit),1,T100,NotStarted,,,
T103,5,StoredProc,Workorder.MachiningIn_PickAndConsume (FIFO pick + BOM-driven Trim->Machining rename),4,T101,NotStarted,,ConsumptionEvent (Consumed=trim Produced=machined) + LotGenealogy Consumption edge + new machined-LOT create. Transactional. Audit MachiningInPicked. XDEP: Phase 2 RecordConsumption,
T104,5,StoredProc,Workorder.MachiningOut_AutoComplete (PLC OperationComplete -> auto-move whole LOT),3,T101,NotStarted,,ProductionEvent + auto-move whole LOT to CoupledDownstreamCellLocationId (non-sublotting lines). Audit OutCompleted + OutAutoMoved. No operator screen these lines,
T105,5,StoredProc,Workorder.MachiningOut_RecordSplit (operator-initiated N-way even split),4,T101,NotStarted,,"Fresh LTT per child via IdentifierSequence_Next, LotGenealogy Split edges, moves, child labels, parent decrement/close. Uneven adjust per FDS-05-010. PENDING UJ-03 even-split default. XDEP: Phase 2 Lot_Split",
T106,5,GatewayScript,MachiningOpCompleteWatcher (per-Cell PLC OperationComplete edge),7,T104,NotStarted,,TOPServer edge -> MachiningOut_AutoComplete (non-sublotting auto-complete),
T107,5,GatewayScript,MachiningCycleReader (optional per-Cell PLC CycleComplete),6,,NotStarted,,Optional per FRS. XDEP: TOPServer tag config (S-04),
T108,5,NamedQuery,Named Queries wrapping Phase-5 procs,2,"T103,T104,T105",NotStarted,,Mutation NQs need attributes.type=Query (status-row). Run scan.ps1,
T109,5,Frontend,Cell Selector Repeater Entity (cross-cutting embedded),4,T108,NotStarted,,Destination/cell picker reused by IN and OUT-Split screens (B12),
T110,5,Frontend,BOM-Driven Rename Confirmation Modal (cross-cutting embedded),4,T108,NotStarted,,Shows Trim->Machining 1-line BOM rename before consume-commit,
T111,5,Frontend,Machining IN view (purpose-built top-level),9,"T108,T109,T110",NotStarted,,"FIFO queue list w/ override + scan, invokes PickAndConsume",
T112,5,Frontend,"Machining OUT Split view (top-level, sublotting lines only)",9,"T108,T109",NotStarted,,"N-way even-split entry + destination-picker Flex Repeater rendering N pickers per child (B12), invokes RecordSplit",
T113,5,Testing,Phase-5 proc test suite,4,"T103,T104,T105",NotStarted,,"Phase-5 gate. ~80-110 assertions: machining-in pick+rename+consumption, auto-complete+auto-move, sub-LOT split (even+uneven), genealogy permanence, FIFO ordering",
T114,6,Migration,Migration 0025_arc2_phase6_assembly.sql - CREATE Container family + ShippingLabel + seeds,4,T113,NotStarted,,"XDEP: Phase 1-5; Phase 7 AimShipperIdPool schema must exist first (Container_Complete claims from pool). CREATE Lots.Container, ContainerTray, ContainerSerial (incl HardwareInterlockBypassed BIT DEFAULT 0 per C-9), SerializedPart, ShippingLabel (PrintedAt NULL, added per C-5). Seeds OperationTemplate assembly rows; LogEntityType Container/Tray/Serial/SerializedPart/ShippingLabel; LogEventType ContainerOpened/TrayClosed/ContainerCompleted/ContainerSerialAdded/MaterialSubstituteOverride/WorkOrderCompletionConfirmed",
T115,6,StoredProc,Lots.Container_Open,2,T114,NotStarted,,Open container against assembly station + work order; audit ContainerOpened,
T116,6,StoredProc,Lots.ContainerTray_Close (ByCount/ByWeight/ByVision),4,T114,NotStarted,,Three closure methods dispatched by @ClosureMethod; per-tray Workorder.ConsumptionEvent emit; audit TrayClosed,
T117,6,StoredProc,Lots.ContainerSerial_Add,2,T114,NotStarted,,Add serialized part scan to open container/tray; HardwareInterlockBypassed flag passthrough; audit ContainerSerialAdded,
T118,6,StoredProc,Lots.SerializedPart_Mint (IdentifierSequence_Next MESI),2,T114,NotStarted,,Mint MESI serial via IdentifierSequence_Next; insert SerializedPart. XDEP: Phase 1 IdentifierSequence_Next,
T119,6,StoredProc,Lots.Container_Complete (atomic complete + AIM claim + ShippingLabel + async print + auto-close LOT),4,"T115,T116,T117,T132,T141",NotStarted,,Atomic txn: set Complete + AimShipperIdPool_Claim + INSERT ShippingLabel PrintedAt=NULL + async ShippingLabelDispatcher + auto-close finished-good LOT. XDEP: Phase 7 AimShipperIdPool_Claim. Audit ContainerCompleted,
T120,6,StoredProc,Workorder.ConsumptionEvent_RecordWithBomCheck (UJ-09 substitute override),4,T114,NotStarted,,BOM material verification at consumption; supervisor substitute override (UJ-09) with AD elevation; audit MaterialSubstituteOverride on override. XDEP: Phase 2 RecordConsumption pattern,
T121,6,NamedQuery,Named Queries wrapping Phase-6 procs,2,"T115,T116,T117,T118,T119,T120",NotStarted,,Mutation procs get attributes.type=Query for status-row SELECT. Run scan.ps1,
T122,6,GatewayScript,AssemblyMipHandler gateway script (serialized line MIP via TOPServer),12,T121,NotStarted,,Full MIP handshake: PartSN/PartValid/DataReady/HardwareInterlockEnable/CompletionConfirmed/TrayFullFlag via TOPServer; alarms to AlarmMsg; ContainerFullFlag legacy-cutover; calls ContainerSerial_Add/SerializedPart_Mint/ContainerTray_Close. S-04 OPC tags,
T123,6,GatewayScript,NonSerializedLineHandler gateway script (PLC + OmniServer scale),10,T121,NotStarted,,PLC + OmniServer scale for ByWeight; PartDisposition/VisionPartNumber; calls ContainerTray_Close ByWeight/ByVision,
T124,6,GatewayScript,ShippingLabelDispatcher gateway script (message handler + Zebra socket),8,T121,NotStarted,,Dispatch from Container_Complete; Zebra ZPL over socket; 3x2s retry; on failure surface to Print Failure Banner. XDEP: reused by Phase 7,
T125,6,Frontend,Assembly Serialized view (top-level),10,T121,NotStarted,,MIP status surface; serial scan list; tray/container state; completion confirm,
T126,6,Frontend,Assembly Non-Serialized view (top-level),8,T121,NotStarted,,ByCount/ByWeight/ByVision closure UX; scale reading display; part disposition,
T127,6,Frontend,Confirmation Method Resolver (embedded component),4,T121,NotStarted,,Cross-cutting; reads ConfirmationMethod LocationAttribute -> Vision/Barcode/Both UX branch (UJ-17/FDS-10-013),
T128,6,Frontend,Print Failure Banner (embedded component),3,T124,NotStarted,,Cross-cutting; reused in Phase 7; subscribes to ShippingLabelDispatcher failure message; retry action,
T129,6,Frontend,Material Substitute Override Modal (embedded component),4,T121,NotStarted,,Cross-cutting; UJ-09 supervisor override; AD elevation prompt; calls ConsumptionEvent_RecordWithBomCheck override path,
T130,6,Testing,Test suite - container/tray/serial procs (open/3 close methods/add/mint),4,"T115,T116,T117,T118",NotStarted,,Container open; ByCount/ByWeight/ByVision tray close + per-tray ConsumptionEvent; serial add; MESI mint. INSERT-EXEC temp-table pattern,
T131,6,Testing,Test suite - Container_Complete + AIM claim + ShippingLabel + BOM check + MIP + auto-finish,4,"T119,T120",NotStarted,,Phase-6 gate. Complete atomicity + AIM claim + ShippingLabel PrintedAt=NULL; BOM material check pass/fail + override; MIP proc-layer; auto-finish + WorkOrderCompletionConfirmed (FDS-06-028). ~100-135 assertions across both files,
T132,7,Migration,CREATE 0026_arc2_phase7 - HoldEvent + AimShipperIdPool + AimPoolConfig + ContainerSerialHistory,4,T072,NotStarted,,"XDEP: Phase 1, Phase 2, Phase 6. CREATE Quality.HoldEvent (C-4, no longer Phase 1). AimShipperIdPool+AimPoolConfig must ship BEFORE Phase 6 Container_Complete claims - keep CREATE callable early. ContainerSerialHistory = UJ-05 update-in-place serial migration audit; structure for void-and-recreate swap. Open-event invariant via filtered unique index",
T133,7,Seed,Seed Quality.HoldTypeCode rows,1,T132,NotStarted,,"CustomerComplaint, QualityIssue, EngineeringHold, ProductionHold, ContainerHold. ASCII-only. Code-table FK for HoldEvent.HoldTypeId",
T134,7,Seed,Seed Lots.AimPoolConfig single row (S-11 defaults),1,T132,NotStarted,,"TargetBuffer=50, Topup=30, Warn=20, Crit=10. Tuned later via AimPoolConfig admin view",
T135,7,Seed,Seed Audit.LogEntityType (4) + LogEventType (10) rows,1,T132,NotStarted,,"LogEventType: HoldPlaced, HoldReleased, AimShipperIdClaimed, AimShipperIdToppedUp, AimPoolWarningAlarmFired, AimPoolCriticalAlarmFired, ContainerSerialMigrated, ShippingLabelVoided, ContainerShipped, PrintFailureSafetySweepRecovered",
T136,7,StoredProc,Quality.Hold_Place + Hold_Release,4,"T132,T133,T135,T131",NotStarted,,Open-event invariant: reject Place when open HoldEvent exists for Lot/Container. Bulk hold FDS-08-006. Container hold FDS-07-015/016 dispatches AIM PlaceOnHold/ReleaseFromHold via AimHoldHandler. Status-row. Audit HoldPlaced/HoldReleased,
T137,7,StoredProc,Quality.Hold_GetOpenByLot + Hold_GetOpenByContainer,2,"T132,T133",NotStarted,,No OUTPUT; empty set = no open hold. Resolved-name FK sub-objects,
T138,7,StoredProc,Lots.Container_Ship,4,"T132,T135,T131",NotStarted,,Validate Complete + AIM-assigned + not-shipped + no open hold before ship. Audit ContainerShipped. Status-row,
T139,7,StoredProc,Lots.ShippingLabel_Void + ShippingLabel_Reprint,3,"T132,T135,T131",NotStarted,,Reads/voids/reprints Lots.ShippingLabel (CREATEd in Phase 6 per C-5 - Phase 7 does NOT create it). Audit ShippingLabelVoided. Status-row,
T140,7,StoredProc,Lots.SortCage_MigrateSerial + ContainerSerialHistory writeback,4,"T132,T135,T131",NotStarted,,"UJ-05 update-in-place: write old->new serial pair to ContainerSerialHistory, void old shipping label, structure so void-and-recreate variant swaps without rebuild. Audit ContainerSerialMigrated. Status-row",
T141,7,StoredProc,Lots.AimShipperIdPool_Claim + AimShipperIdPool_Topup,4,"T132,T134,T135",NotStarted,,"Claim = FIFO with READPAST; hard-fail on empty pool per FDS-07-010a (OI-33) - no silent fallback. Topup inserts fetched IDs, audit AimShipperIdToppedUp. Claim audits AimShipperIdClaimed. Status-row. Consumed by Phase 6 Container_Complete",
T142,7,StoredProc,Lots.AimShipperIdPool_GetDepth + GetByContainer,2,"T132,T134",NotStarted,,GetDepth -> available count for alarm monitor + wallboard. GetByContainer resolves claimed ID. No OUTPUT,
T143,7,StoredProc,Lots.AimPoolConfig_Get + AimPoolConfig_Update,2,"T132,T134",NotStarted,,Get returns single config row. Update is status-row mutation; audit via AimPoolConfig entity type,
T144,7,NamedQuery,Named Queries wrapping all Phase-7 procs,3,"T136,T137,T138,T139,T140,T141,T142,T143",NotStarted,,Mutation procs need attributes.type=Query (status-row JDBC). Run scan.ps1 after,
T145,7,GatewayScript,AimPoolTopup gateway timer (30s AIM GetNextNumber),6,T144,NotStarted,,"30s timer. Fetch AIM shipper IDs via HTTP/SOAP GetNextNumber when depth < TargetBuffer, call Topup. Log to Audit.InterfaceLog. Honors AimPoolConfig thresholds. B17 async",
T146,7,GatewayScript,AimPoolAlarmMonitor gateway timer (60s warn/crit/exhausted),5,T144,NotStarted,,60s timer. GetDepth vs Warn/Crit; fire Warning/Critical/exhausted alarms. Audit alarm-fired events,
T147,7,GatewayScript,AimHoldHandler message handler (AIM PlaceOnHold/ReleaseFromHold),6,T144,NotStarted,,Dispatched by Hold_Place/Release for container holds (FDS-07-015/016). AIM PlaceOnHold/ReleaseFromHold; log Audit.InterfaceLog. FDS-01-014 async,
T148,7,GatewayScript,AimUpdateHandler message handler (AIM UpdateAim re-sort),6,T144,NotStarted,,Sort-cage re-sort serial migration (UJ-05). AIM UpdateAim to remap shipper assignment after serial replacement. Log Audit.InterfaceLog,
T149,7,GatewayScript,PrintFailureSafetySweep gateway timer (5-min orphan recovery),6,T144,NotStarted,,5-min timer. Recover orphaned print failures; alarm when >5 stranded. Audit PrintFailureSafetySweepRecovered (FDS-07-006b),
T150,7,GatewayScript,PrintFailureBroadcaster gateway timer (5s per-terminal banner),5,T144,NotStarted,,5s timer. Broadcast per-terminal print-failure banner via session-filter (FDS-07-006b). Feeds Print Failure Banner. XDEP: Phase 6 print-failure source,
T151,7,Frontend,Hold Management top-level view,10,T144,NotStarted,,"Active-hold + container-hold lists, place/release, bulk hold (FDS-08-006), row-click nav to LOT Detail. onSelectionChange. XDEP: Phase 6 LOT Detail nav target (actually Phase 2)",
T152,7,Frontend,Sort Cage Workflow top-level view,10,T144,NotStarted,,Unpack->inspect->re-pack; serial replacement via SortCage_MigrateSerial; print new LTT + shipping labels; void old; trigger AimUpdateHandler. Multi-step state machine in view.custom,
T153,7,Frontend,Shipping Dock top-level view,8,T144,NotStarted,,Scan shipping label -> validate via Container_Ship preconditions -> confirm ship. Scan-driven,
T154,7,Frontend,AIM Pool Configuration admin view (S-11 tuning),6,T144,NotStarted,,Admin-only edit of AimPoolConfig single row via Config_Get/Update. editDraft/selected + dirty + ConfirmUnsaved. Pre-shape editDraft with every bound field,
T155,7,Frontend,AIM Pool Wallboard Tile embedded component,4,T144,NotStarted,,"Cross-cutting tile: pool depth via GetDepth, warn/crit color states vs config thresholds",
T156,7,Frontend,Print Failure Banner (reused from Phase 6),3,T150,NotStarted,,Wire Phase-6 Print Failure Banner to PrintFailureBroadcaster session-filtered messages,
T157,7,Testing,Phase 7 SQL test suite,4,"T136,T137,T138,T139,T140,T141,T142,T143",NotStarted,,"Phase-7 gate. ~90-120 assertions. Hold place/release/bulk + open-event invariant, container ship validation, label void/reprint, sort-cage migration + history, AIM pool claim FIFO READPAST + hard-fail-empty (FDS-07-010a), topup, depth/alarms, config CRUD",
T158,8,Migration,0027_arc2_phase8_downtime_shift.sql - CREATE Oee.DowntimeEvent + LogEventType seeds,3,T048,NotStarted,,CORRECTED number 0026 (not 0021). XDEP: Phase 1. Per C-4 Phase 8 OWNS the CREATE of Oee.DowntimeEvent (does not exist yet). One-open-per-machine invariant via filtered unique index WHERE EndedAt IS NULL. Nullable ReasonCodeId for late binding. Seed LogEventType: DowntimeStarted/DowntimeEnded/DowntimeReasonAssigned/EndOfShiftSubmitted/ShiftHandoverAcknowledged. Oee.Shift exists from Arc-1 0009 - NO Shift CREATE,
T159,8,StoredProc,Oee.DowntimeEvent_Start + DowntimeEvent_End,2,T158,NotStarted,,"Start: nullable reason, enforces open-event invariant (refuse second open). End: closes open event, computes duration. Status-row procs -> NQ type=Query",
T160,8,StoredProc,Oee.DowntimeReasonCode_Assign (late-binding no-overwrite),1,T158,NotStarted,,FDS-09-005 late-binding to existing (possibly closed) DowntimeEvent. Refuses overwrite of assigned reason. Audit DowntimeReasonAssigned,
T161,8,StoredProc,Oee.EndOfShiftEntry_Submit (single-submission),4,T158,NotStarted,,FDS-09-013 single submit per shift (refuse second). Toggle-per-break; durations from shift schedule (Oee.Shift). Writes DowntimeEvent rows. Audit EndOfShiftSubmitted,
T162,8,StoredProc,Oee.Shift_GetEndOfShiftSummary (handover read),2,T158,NotStarted,,"FDS-09-015: open downtime, active pauses, in-process LOTs at shift end. No OUTPUT. Shift_End leaves open events open per UJ-10 Option D / OI-03",
T163,8,Seed,Invoke S-02 downtime reason code bulk-load (353-row CSV),2,T158,NotStarted,,Bulk-load proc shipped Arc-1; invoke once Area mapping locks. Source reference/seed_data downtime_reason_codes. XDEP: Area->ReasonType mapping (FDS-09-005). ASCII byte-scan before apply,
T164,8,NamedQuery,Phase-8 Named Query wrappers,2,"T159,T160,T161,T162",NotStarted,,"Wraps DowntimeEvent_Start/End, ReasonCode_Assign, EndOfShiftEntry_Submit, Shift_GetEndOfShiftSummary + reason-code list filtered by Area+ReasonType. Mutation procs -> attributes.type=Query. Run scan.ps1",
T165,8,GatewayScript,DowntimePlcWatcher (per-machine PLC stop/run edge),7,T159,NotStarted,,TOPServer OPC stop/run edges. Stop edge -> DowntimeEvent_Start (NULL reason); run edge -> DowntimeEvent_End. Edge-detect/debounce; log Audit.InterfaceLog. S-04 OPC tags,
T166,8,GatewayScript,EndOfShiftWindowTrigger (Perspective view-side timer),5,T162,NotStarted,,View-side timer opens/prompts End-of-Shift entry within shift-end window from Oee.Shift schedule,
T167,8,Frontend,Downtime Entry view (manual),8,T164,NotStarted,,Machine auto-pop from station context. Reason dropdown filtered by Area + ReasonType (FDS-09-005). Start/End + late reason assign. Pre-declare bound custom props,
T168,8,Frontend,End-of-Shift Time Entry view (toggle-per-break),8,T164,NotStarted,,FDS-09-013 single-submission UI. One toggle per break; durations from schedule. Submit -> EndOfShiftEntry_Submit. Lock after submit. ConfirmUnsaved on close if dirty,
T169,8,Frontend,Shift-end Summary view (read-only handover),6,T164,NotStarted,,"FDS-09-015: open downtime, active pauses, in-process LOTs from Shift_GetEndOfShiftSummary. Acknowledge -> Audit ShiftHandoverAcknowledged",
T170,8,Frontend,Supervisor Dashboard view (5 tiles),10,T164,NotStarted,,"Tiles: DowntimeOpenSummary, PausedLotsSummary, ShiftAvailabilityTile, AimPoolWallboardTile, PrintFailureStrandedTile. Each bound to its read NQ. Pre-declare every bound custom prop",
T171,8,Testing,Phase-8 SQL test suite,4,"T159,T160,T161,T162",NotStarted,,"Phase-8 gate. ~60-80 assertions: downtime start/end + open-event invariant, reason late-assign + no-overwrite, end-of-shift single submit (+ second-submit refusal), shift-end summary, reason filtering Area+ReasonType, shift availability derivation, Shift_End leaves open events open (UJ-10 Option D)",
T172,9,Migration,CREATE Quality.QualitySample + QualityResult + QualityAttachment (migration 0028),3,T048,NotStarted,,"IN-SCOPE (confirmed 2026-06-08, G-1): inspection recording FDS-08-011/012/013. Runtime-captured tables specified in Data Model section 5. CREATE QualitySample (LotId, QualitySpecVersionId, InspectionResultCodeId, SampledByUserId, SampledAt), QualityResult (per-attribute MeasuredValue/NumericValue/IsPass), QualityAttachment (file metadata). XDEP: Phase 1 (Lot) + Arc-1 QualitySpec tables.",
T173,9,StoredProc,Inspection recording procs (Sample_Record + GetByLot + Result writers + attachment metadata),4,T172,NotStarted,,"QualitySample_Record (header + per-attribute results + overall pass/fail + log), QualitySample_GetByLot, attachment metadata writer. Failed inspection = alert only, no auto-hold (FDS-08-012). Status-row pattern",
T174,9,NamedQuery,Wrap inspection procs as Named Queries,1,T173,NotStarted,,Mutation procs -> attributes.type=Query,
T175,9,Frontend,Inspection Entry view,8,T174,NotStarted,,Sample against published spec; per-attribute result grid; overall pass/fail; file attach (CSV/XLSX/PDF/PNG/JPG to filesystem + metadata). Pre-declare bound custom props,
T176,9,Frontend,Inspection History read view,4,T174,NotStarted,,Read sample/result history per LOT; attachment download,
T177,9,Testing,Inspection recording test suite,3,T173,NotStarted,,"Sample record, per-attribute results, pass/fail rollup, no-auto-hold. INSERT-EXEC temp-table",
T178,9,StoredProc,Global Trace resolve + full-trace procs,4,T157,NotStarted,,"IN-SCOPE (2026-06-08, G-3a Global Trace): FDS-12-012/013/014 Global Trace Tool is MVP; plan deferred to unscoped workstream. GlobalTrace_Resolve (LOT/Serial/Container/Shipper input -> entity, disambiguation) + GlobalTrace_GetFullTrace (header + genealogy tree + production + movement + holds + shipping). Reads existing event tables - NOT gated on UJ-19. XDEP: Phase 7 gate",
T179,9,NamedQuery,Wrap Global Trace procs as Named Queries,1,T178,NotStarted,,,
T180,9,Frontend,Global Trace Tool view (Track home tile),10,T179,NotStarted,,"Any-context read-only trace surface: input resolution + scan, header, genealogy tree, production, movement, holds, shipping, Print/Export. Primary Honda traceability deliverable (FDS-12-001/012/013/014)",
T181,9,Testing,Global Trace test suite,3,T178,NotStarted,,Resolve disambiguation + full-trace assembly across event tables,
T182,9,Seed,CRT: seed audit event types (Lot.CrtActive shipped in Phase 1),1,,NotStarted,,"IN-SCOPE (2026-06-08, G-2). Lot.CrtActive BIT added to the Phase 1 Lot CREATE (Data Model v1.9q). This task seeds the CRT Audit.LogEventType rows (CrtActivated, CrtCleared, MissedCrtInspect) in the Phase 9 migration.",
T183,9,StoredProc,"CRT workflow procs + UI (200% inspect, missed-inspect re-run, release)",8,T182,NotStarted,,"IN-SCOPE (2026-06-08, G-2). Lot_SetCrt/Lot_ClearCrt (supervisor-elevated) + Crt_GetRequiredInspections 200% gate + missed-inspect detection consumed by production procs + supervisor-AD-elevated clearance. Spans Phase 6 (assembly inspect) + Phase 7 (release). Builds on the QualitySample inspection stream (T172).",
T184,9,Reporting,Reporting workstream - PD-replacement operational reports (DEFERRED),16,,Deferred,,DEFERRED to near/post-deployment per 2026-06-08 decision. Die Shot/Rejects/Downtime/Production reports + Shipping History via Ignition Reporting module over ProductionEvent/RejectEvent/DowntimeEvent/Shift. Gated on UJ-19 (MPP names the 4 PD reports + data sources). NOT the Global Trace Tool - that is in-scope (T178-T181).,
